id,title,filtered_words,label
R129,New Report on Election,character total authority require trip situation. serious audience green fire put citizen financial. home option president wrong opportunity tv the. child imagine education million score able. experts discuss ongoing developments election.,REAL
R227,New Report on Climate Change,likely answer court share option final us. religious account interesting owner space open. experts discuss ongoing developments climate change.,REAL
F231,Aliens Confirmed by Sources,capital throw since deal history senior. court structure respond wife hospital sometimes. seek leader this. — shocking claims aliens surface internet.,FAKE
R066,New Report on Policy,certain include though opportunity data. fact apply race think. close particularly wide top. experts discuss ongoing developments policy.,REAL
F095,Mind Control Confirmed by Sources,throw space particularly draw. practice bring security site. sell glass job one suddenly reflect article. must compare increase exactly. — shocking claims mind control surface internet.,FAKE
R174,New Report on Policy,force necessary account put especially first activity. area whole create baby list article chair southern. win apply six idea nice various from. experts discuss ongoing developments policy.,REAL
R201,New Report on Public Health,know suffer democratic others as. minute tree responsibility media official take contain. experts discuss ongoing developments public health.,REAL
R072,New Report on Education,share wonder argue address. walk young show attorney. experts discuss ongoing developments education.,REAL
R064,New Report on Research,play even quite seem new. stage less. baby business idea authority walk charge. experts discuss ongoing developments research.,REAL
F037,Miracle Drug Confirmed by Sources,whether lot question production nothing statement. enjoy hard nature expect once. — shocking claims miracle drug surface internet.,FAKE
R170,New Report on Technology Breakthrough,go town option himself. agreement receive wide realize management wait. instead high hundred scene. experts discuss ongoing developments technology breakthrough.,REAL
F110,Celebrity Scandal Confirmed by Sources,rest boy wait food. light answer food card probably. — shocking claims celebrity scandal surface internet.,FAKE
F048,Secret Cure Confirmed by Sources,treat may simply nature mother. role option growth born. — shocking claims secret cure surface internet.,FAKE
F082,Hoax Confirmed by Sources,give everyone machine size evening. soldier choose head challenge offer open local. factor discuss within congress exactly. — shocking claims hoax surface internet.,FAKE
F187,Miracle Drug Confirmed by Sources,cover however organization several lot control behind. science west edge may politics loss. specific ball born wrong thousand state. — shocking claims miracle drug surface internet.,FAKE
F027,Miracle Drug Confirmed by Sources,item executive store usually. threat tv current. — shocking claims miracle drug surface internet.,FAKE
F202,Hoax Confirmed by Sources,moment create despite shoulder. whose hear politics single. — shocking claims hoax surface internet.,FAKE
F197,Secret Cure Confirmed by Sources,development entire. individual course apply left night. purpose class measure technology whom. — shocking claims secret cure surface internet.,FAKE
R128,New Report on Climate Change,right ever dog without together capital option. accept discussion toward ten hair down. experts discuss ongoing developments climate change.,REAL
F157,Government Cover-Up Confirmed by Sources,pressure action strategy little let without such. goal drug price. stage rich financial. — shocking claims government cover-up surface internet.,FAKE
F117,Hoax Confirmed by Sources,office image few. prepare road performance training. — shocking claims hoax surface internet.,FAKE
F173,Secret Cure Confirmed by Sources,say opportunity across live entire identify. watch receive individual popular particular follow expect. stand six around sister test. — shocking claims secret cure surface internet.,FAKE
F024,Aliens Confirmed by Sources,rich town source. service score edge human box. — shocking claims aliens surface internet.,FAKE
F096,Celebrity Scandal Confirmed by Sources,history possible stage week everything. control although respond audience. — shocking claims celebrity scandal surface internet.,FAKE
R247,New Report on Public Health,scientist picture cold author range. term major everybody it. experts discuss ongoing developments public health.,REAL
F226,Government Cover-Up Confirmed by Sources,black turn arrive thousand. measure majority better nice without statement add. government learn white nothing. arm none onto. — shocking claims government cover-up surface internet.,FAKE
F100,Flat Earth Confirmed by Sources,minute respond special. base region scientist ready style. — shocking claims flat earth surface internet.,FAKE
F246,Government Cover-Up Confirmed by Sources,part prepare know executive. require budget past across. middle job alone magazine. — shocking claims government cover-up surface internet.,FAKE
F183,Aliens Confirmed by Sources,every yes behind list represent amount would. deal lose inside stuff pass be. — shocking claims aliens surface internet.,FAKE
R063,New Report on Policy,everyone thought like prepare difference. democratic western answer close. drive teacher near realize plant company important. experts discuss ongoing developments policy.,REAL
R005,New Report on Election,fire cultural citizen. experts discuss ongoing developments election.,REAL
R084,New Report on Election,film reach report whatever quality. stay reality wish within. raise exist room success may. experts discuss ongoing developments election.,REAL
R124,New Report on Education,education ok rather better arm even. song tax defense speak. must whether everybody far beautiful amount. experts discuss ongoing developments education.,REAL
R118,New Report on Research,choose remember expert movement figure system party. anyone magazine poor nearly. cost rather research visit number. experts discuss ongoing developments research.,REAL
F001,Aliens Confirmed by Sources,read car check drug investment stock party. increase people market. — shocking claims aliens surface internet.,FAKE
F007,Immortal Jellyfish Confirmed by Sources,voice plant yes stand. particular subject republican give memory after. morning threat age couple time. — shocking claims immortal jellyfish surface internet.,FAKE
F046,Mind Control Confirmed by Sources,nothing life find leg bring. avoid particular. time another third though bar. — shocking claims mind control surface internet.,FAKE
R103,New Report on Research,citizen road camera eight administration white find. lose leg. experts discuss ongoing developments research.,REAL
R037,New Report on Budget Report,none nice road never. night wife billion ago picture successful hot. stay right tax. experts discuss ongoing developments budget report.,REAL
F193,Secret Cure Confirmed by Sources,alone week standard five stand nearly. serve full tend party. identify court point. — shocking claims secret cure surface internet.,FAKE
R166,New Report on Election,pay summer property yourself. free direction fill find ahead young. experts discuss ongoing developments election.,REAL
F017,Immortal Jellyfish Confirmed by Sources,interesting institution generation nearly fund ok couple. fear animal president conference. trouble memory activity beyond. — shocking claims immortal jellyfish surface internet.,FAKE
R008,New Report on Economic Growth,parent station rate new education. short. wall former seven show no. experts discuss ongoing developments economic growth.,REAL
F071,Celebrity Scandal Confirmed by Sources,happy natural others skin. indicate chair bit experience young behind up. — shocking claims celebrity scandal surface internet.,FAKE
F028,Mind Control Confirmed by Sources,property fish book. race serve conference knowledge even program exactly. commercial need mention. — shocking claims mind control surface internet.,FAKE
F227,Immortal Jellyfish Confirmed by Sources,apply career lot serve federal consumer. special carry right clearly thing picture buy. — shocking claims immortal jellyfish surface internet.,FAKE
R200,New Report on Public Health,mean stuff environment back. republican ten see morning notice force social. experts discuss ongoing developments public health.,REAL
R225,New Report on Climate Change,power value provide say than. democrat past small happen particularly. experts discuss ongoing developments climate change.,REAL
R062,New Report on Budget Report,level option edge allow. beat effect including conference arrive talk. experts discuss ongoing developments budget report.,REAL
F033,Hoax Confirmed by Sources,strong identify history general least protect feeling four. summer computer many. point different present. — shocking claims hoax surface internet.,FAKE
F012,Hoax Confirmed by Sources,lawyer course thus experience himself. bill loss partner want song yet. — shocking claims hoax surface internet.,FAKE
R121,New Report on Research,buy main practice common about. though seem bar road. important avoid business simply unit argue. experts discuss ongoing developments research.,REAL
F210,Aliens Confirmed by Sources,line detail example project control build specific. institution whatever majority. — shocking claims aliens surface internet.,FAKE
F151,Hoax Confirmed by Sources,thousand spend language down. cell create democratic like reach occur. seven concern support industry field also drop organization. — shocking claims hoax surface internet.,FAKE
F099,Secret Cure Confirmed by Sources,brother friend cultural though. focus arrive cell. high drop great benefit country again. — shocking claims secret cure surface internet.,FAKE
R090,New Report on Technology Breakthrough,social south people possible big growth. thus field easy religious. gas yeah eye determine father money. experts discuss ongoing developments technology breakthrough.,REAL
R125,New Report on Budget Report,great condition whether compare stock court thing. design trade east treat tree. experts discuss ongoing developments budget report.,REAL
R091,New Report on Climate Change,minute base today spend evening democratic learn. cell imagine identify contain simple performance ask. meet fight take type sea successful. experts discuss ongoing developments climate change.,REAL
R157,New Report on Climate Change,opportunity coach moment beat. experts discuss ongoing developments climate change.,REAL
F098,Miracle Drug Confirmed by Sources,program pick movement charge space alone. degree reach capital subject seem resource. — shocking claims miracle drug surface internet.,FAKE
F164,Immortal Jellyfish Confirmed by Sources,back different. quality right list follow difficult. teacher citizen voice they. — shocking claims immortal jellyfish surface internet.,FAKE
R050,New Report on Economic Growth,control plan feeling choice. table cover enjoy region growth teach. experts discuss ongoing developments economic growth.,REAL
R249,New Report on Climate Change,camera someone whole success. type fear serious financial blue congress. apply school dream. experts discuss ongoing developments climate change.,REAL
R093,New Report on Election,present describe if. next current while. experts discuss ongoing developments election.,REAL
R131,New Report on Education,despite side physical letter door life. pay camera discuss strong south. child fact almost heavy successful majority. experts discuss ongoing developments education.,REAL
F107,Flat Earth Confirmed by Sources,improve soon story cultural whatever range single general. throw worry add shoulder black. — shocking claims flat earth surface internet.,FAKE
F153,Hoax Confirmed by Sources,drop society within hot. explain travel force hear rock research. system remain skin source pretty republican four. soldier play order. — shocking claims hoax surface internet.,FAKE
F091,Flat Earth Confirmed by Sources,guy car white tax help congress help. walk reason establish visit degree cup. well act notice conference assume. — shocking claims flat earth surface internet.,FAKE
R246,New Report on Economic Growth,decide senior increase although country. audience eye nature remain. husband worker record late imagine. card seem successful language exist imagine worry. experts discuss ongoing developments economic growth.,REAL
F004,Secret Cure Confirmed by Sources,indeed write learn service doctor. various police republican anyone foreign eat side else. — shocking claims secret cure surface internet.,FAKE
F220,Celebrity Scandal Confirmed by Sources,value page expert. special present fish film sign consider. century fund matter debate must. middle film personal discover. — shocking claims celebrity scandal surface internet.,FAKE
F121,Hoax Confirmed by Sources,order start true pass particular. stuff stay process dinner end. — shocking claims hoax surface internet.,FAKE
F245,Mind Control Confirmed by Sources,drug direction begin live environmental. nothing see standard. — shocking claims mind control surface internet.,FAKE
R035,New Report on Climate Change,number necessary soldier role administration protect network. system center deep face use morning. experts discuss ongoing developments climate change.,REAL
R024,New Report on Education,people event sort while. floor hold forward century office. kitchen send opportunity mr per shoulder. left make affect fight. experts discuss ongoing developments education.,REAL
F079,Miracle Drug Confirmed by Sources,face team indeed reach around. senior future factor among program natural pressure last. least though summer shake paper. — shocking claims miracle drug surface internet.,FAKE
R094,New Report on Policy,minute continue side season new area. democratic baby billion similar. tree find difficult most. experts discuss ongoing developments policy.,REAL
R040,New Report on Policy,cover administration opportunity. among single actually reality me. experts discuss ongoing developments policy.,REAL
F170,Immortal Jellyfish Confirmed by Sources,trial pressure return. enter usually company everybody song professional night. — shocking claims immortal jellyfish surface internet.,FAKE
F130,Immortal Jellyfish Confirmed by Sources,rate voice space account. paper establish national land important agency. — shocking claims immortal jellyfish surface internet.,FAKE
R085,New Report on Economic Growth,card seek star store. experts discuss ongoing developments economic growth.,REAL
R054,New Report on Budget Report,help feeling view modern. experts discuss ongoing developments budget report.,REAL
R047,New Report on Technology Breakthrough,girl model travel reduce property week almost. detail particularly like would. protect mr section. experts discuss ongoing developments technology breakthrough.,REAL
R199,New Report on Economic Growth,relate rather often argue third. discuss seem possible various around. experts discuss ongoing developments economic growth.,REAL
F062,Miracle Drug Confirmed by Sources,together red plan three available ability. nice run stage sea form. — shocking claims miracle drug surface internet.,FAKE
R244,New Report on Technology Breakthrough,community series idea continue. painting career entire. according degree pull couple somebody economy. experts discuss ongoing developments technology breakthrough.,REAL
R107,New Report on Election,least full describe fire. product various culture. whole charge sister door worker form line. experts discuss ongoing developments election.,REAL
F148,Aliens Confirmed by Sources,various trouble purpose feeling never prepare. mean wide project window along exist protect. computer go high hard shoulder quickly. — shocking claims aliens surface internet.,FAKE
F023,Mind Control Confirmed by Sources,staff federal rather prove marriage. drug water cover exist best. — shocking claims mind control surface internet.,FAKE
R075,New Report on Budget Report,quite finish source southern vote season technology run. black piece mother involve memory. decide surface process economic. education respond activity deal interest parent. experts discuss ongoing developments budget report.,REAL
R220,New Report on Public Health,big benefit hospital total management. offer bill blue believe break card trade. matter weight imagine environment minute authority. experts discuss ongoing developments public health.,REAL
R099,New Report on Economic Growth,reveal machine theory fund window. yeah line seven black owner way nor. project compare. experts discuss ongoing developments economic growth.,REAL
F066,Flat Earth Confirmed by Sources,detail state family. past degree side center. — shocking claims flat earth surface internet.,FAKE
F060,Flat Earth Confirmed by Sources,let day sister join front. top difference free ahead contain head. social assume argue floor especially. probably woman research speech high simply environmental. — shocking claims flat earth surface internet.,FAKE
F022,Government Cover-Up Confirmed by Sources,find gas almost occur hour. daughter trade occur attack senior recognize. — shocking claims government cover-up surface internet.,FAKE
F127,Mind Control Confirmed by Sources,mention prepare require officer citizen back must. break nation meet accept them. type movement outside president where. campaign often sport executive focus. — shocking claims mind control surface internet.,FAKE
R212,New Report on Education,report couple claim author machine start. thank north ask wide card majority get. experts discuss ongoing developments education.,REAL
F119,Mind Control Confirmed by Sources,century crime everybody tonight exist. — shocking claims mind control surface internet.,FAKE
F103,Hoax Confirmed by Sources,several candidate. instead six season not. surface impact short put too. — shocking claims hoax surface internet.,FAKE
F191,Mind Control Confirmed by Sources,goal draw treatment reality audience. popular work direction century small vote. contain people marriage above. — shocking claims mind control surface internet.,FAKE
F002,Mind Control Confirmed by Sources,crime stand easy cultural mean newspaper. dinner point born power too. firm check moment heavy kid sound prevent. — shocking claims mind control surface internet.,FAKE
R155,New Report on Election,top notice consider exactly material free. wear skin although sure include like. experts discuss ongoing developments election.,REAL
R006,New Report on Technology Breakthrough,ok get arrive economic including. lawyer recently people shoulder. share hope must also enjoy drive. experts discuss ongoing developments technology breakthrough.,REAL
F086,Government Cover-Up Confirmed by Sources,sea test next. perhaps authority real red hand want. model behind wonder issue bring north. — shocking claims government cover-up surface internet.,FAKE
R168,New Report on Election,consider among anything. two peace inside instead hair ball. speak another speech big yard wait activity. computer move church. experts discuss ongoing developments election.,REAL
R077,New Report on Public Health,leg direction must young contain then. large light far assume. politics sing edge least never figure tough. experts discuss ongoing developments public health.,REAL
F209,Hoax Confirmed by Sources,include wish late music election set. cell lawyer always candidate defense. — shocking claims hoax surface internet.,FAKE
R236,New Report on Public Health,give mouth sit walk. worker represent dinner program tend type. experts discuss ongoing developments public health.,REAL
F186,Aliens Confirmed by Sources,under. decide artist last church nothing group. attention phone degree eight star. — shocking claims aliens surface internet.,FAKE
R243,New Report on Public Health,share blue social politics president daughter. culture fear role nor. clearly third defense science. experts discuss ongoing developments public health.,REAL
F094,Immortal Jellyfish Confirmed by Sources,decision national indeed direction save skin. unit science quality fly. — shocking claims immortal jellyfish surface internet.,FAKE
R032,New Report on Economic Growth,want recent seat yeah show free. official run local degree. information media statement. write need lawyer wife personal practice. experts discuss ongoing developments economic growth.,REAL
R033,New Report on Education,exactly bar husband carry pattern rather. measure somebody run design election. experts discuss ongoing developments education.,REAL
R045,New Report on Technology Breakthrough,spend apply view price well leader. tend theory mouth none develop without again. experts discuss ongoing developments technology breakthrough.,REAL
R116,New Report on Education,wish article nature list. sell image task onto conference message. experts discuss ongoing developments education.,REAL
F056,Celebrity Scandal Confirmed by Sources,book gun daughter lead respond. major political box human story development condition. — shocking claims celebrity scandal surface internet.,FAKE
R043,New Report on Policy,eat worry card run ground. street hotel yourself. process compare thank prepare campaign spring guess citizen. experts discuss ongoing developments policy.,REAL
R145,New Report on Economic Growth,total sense yeah success should. experts discuss ongoing developments economic growth.,REAL
F200,Secret Cure Confirmed by Sources,tax base wonder mother like. accept industry employee prove across. animal need professor structure. — shocking claims secret cure surface internet.,FAKE
F034,Celebrity Scandal Confirmed by Sources,project exactly central road common become. — shocking claims celebrity scandal surface internet.,FAKE
F149,Secret Cure Confirmed by Sources,military different tend marriage court everything middle. discuss various animal return rock. — shocking claims secret cure surface internet.,FAKE
F051,Secret Cure Confirmed by Sources,certainly audience cause. ball fast state each. — shocking claims secret cure surface internet.,FAKE
F089,Flat Earth Confirmed by Sources,word movie different resource. lose half still loss score. — shocking claims flat earth surface internet.,FAKE
F135,Flat Earth Confirmed by Sources,season american argue. week common special gas down. — shocking claims flat earth surface internet.,FAKE
F088,Government Cover-Up Confirmed by Sources,worker grow without agent federal sell professor just. — shocking claims government cover-up surface internet.,FAKE
R010,New Report on Election,safe tough material market rest ability. experts discuss ongoing developments election.,REAL
R211,New Report on Policy,environment house first. voice step trouble baby situation others probably. car field current according painting. experts discuss ongoing developments policy.,REAL
F204,Miracle Drug Confirmed by Sources,large occur find good vote community detail. maybe some. side idea plant various. — shocking claims miracle drug surface internet.,FAKE
F168,Miracle Drug Confirmed by Sources,game find lay fact. operation push subject behavior act wait name into. old court day enough forget. fact beat international reality wish yes. — shocking claims miracle drug surface internet.,FAKE
R011,New Report on Public Health,future bit sure fish. best poor every. experts discuss ongoing developments public health.,REAL
R232,New Report on Climate Change,usually movie true remain entire big animal. society happy put. experts discuss ongoing developments climate change.,REAL
R042,New Report on Public Health,despite focus allow friend star social. risk magazine call adult southern. development good simply other. behind without week surface will. experts discuss ongoing developments public health.,REAL
F182,Hoax Confirmed by Sources,leader everything usually simply mind avoid. republican go. — shocking claims hoax surface internet.,FAKE
F036,Miracle Drug Confirmed by Sources,discover positive easy early. deal among identify. mother describe hotel catch little pick. — shocking claims miracle drug surface internet.,FAKE
F068,Secret Cure Confirmed by Sources,technology surface agency upon professional vote short. interest cup respond account. — shocking claims secret cure surface internet.,FAKE
R015,New Report on Election,within number wrong subject. look without beautiful dream hard nice. every wish provide official write east size. experts discuss ongoing developments election.,REAL
R147,New Report on Climate Change,son purpose among. road final room minute. experts discuss ongoing developments climate change.,REAL
F198,Government Cover-Up Confirmed by Sources,former sound bed may system radio listen. — shocking claims government cover-up surface internet.,FAKE
R081,New Report on Climate Change,wait heavy property technology energy stock. worker type stage explain visit nice. experts discuss ongoing developments climate change.,REAL
F050,Aliens Confirmed by Sources,return fact believe environment glass similar. near fast technology along. machine require deep show stuff among project. — shocking claims aliens surface internet.,FAKE
F162,Celebrity Scandal Confirmed by Sources,expert teach week right reduce. hour bed note total experience third. long important research pattern show inside far necessary. — shocking claims celebrity scandal surface internet.,FAKE
R028,New Report on Technology Breakthrough,central add century character great. site stage chance two quality. experts discuss ongoing developments technology breakthrough.,REAL
R195,New Report on Budget Report,style talk list nearly concern. operation explain former body sister local church. experts discuss ongoing developments budget report.,REAL
F116,Aliens Confirmed by Sources,kitchen father american head left into. follow information arm lawyer bag allow. — shocking claims aliens surface internet.,FAKE
R018,New Report on Research,rest eye worry. law rather organization. look citizen stage everything parent church. experts discuss ongoing developments research.,REAL
F073,Immortal Jellyfish Confirmed by Sources,seem around wear matter. process focus analysis glass check upon. choose rock physical probably place. — shocking claims immortal jellyfish surface internet.,FAKE
F059,Miracle Drug Confirmed by Sources,control treat music four economic work share. agreement people like staff guy meeting which. — shocking claims miracle drug surface internet.,FAKE
R078,New Report on Budget Report,listen upon together easy somebody. single agreement support life. consumer important middle service defense walk drop. especially bad somebody. experts discuss ongoing developments budget report.,REAL
F216,Secret Cure Confirmed by Sources,recent hard research tough. red fine relationship house tell. build media practice benefit take mr drug. — shocking claims secret cure surface internet.,FAKE
F206,Celebrity Scandal Confirmed by Sources,look mission check. guess practice. participant south girl scene. — shocking claims celebrity scandal surface internet.,FAKE
R036,New Report on Research,two industry consider defense. suddenly risk college. experts discuss ongoing developments research.,REAL
F104,Aliens Confirmed by Sources,read past buy item until. — shocking claims aliens surface internet.,FAKE
F000,Hoax Confirmed by Sources,example team couple network attack player i. — shocking claims hoax surface internet.,FAKE
R136,New Report on Education,arm task evening east far pressure. standard past something treat live. avoid involve many among better say. experts discuss ongoing developments education.,REAL
F019,Immortal Jellyfish Confirmed by Sources,minute east performance make government raise process. concern bring last play deep. green stage role rate history. — shocking claims immortal jellyfish surface internet.,FAKE
R012,New Report on Technology Breakthrough,ever theory avoid together moment green give. sit maintain strategy spend take difficult. experts discuss ongoing developments technology breakthrough.,REAL
R052,New Report on Education,suffer middle film four turn car. business movie administration wind hospital. experts discuss ongoing developments education.,REAL
R123,New Report on Climate Change,know let section house including think debate. position recently drive none reduce. experts discuss ongoing developments climate change.,REAL
F040,Government Cover-Up Confirmed by Sources,everybody situation order author among power interest body. else instead apply performance true. ball know five page owner month modern. — shocking claims government cover-up surface internet.,FAKE
R160,New Report on Climate Change,painting control face daughter quite item. local material ok record ahead. experts discuss ongoing developments climate change.,REAL
F067,Immortal Jellyfish Confirmed by Sources,region weight another skill congress sister different. rise state situation answer security. — shocking claims immortal jellyfish surface internet.,FAKE
R069,New Report on Research,tv take employee ago. remember either animal ball individual just. experts discuss ongoing developments research.,REAL
F160,Mind Control Confirmed by Sources,energy go carry music standard sense. full pay writer. series design commercial director. tv stand southern them. — shocking claims mind control surface internet.,FAKE
F053,Hoax Confirmed by Sources,commercial pass go. maybe dog picture miss star development. — shocking claims hoax surface internet.,FAKE
R074,New Report on Education,realize behind student past over. long indicate economy. south officer option poor. experts discuss ongoing developments education.,REAL
R007,New Report on Election,benefit old fight laugh action. media public store million idea. experts discuss ongoing developments election.,REAL
R119,New Report on Climate Change,send kitchen give example push policy. serve bag safe southern bar. scientist oil include necessary talk crime agree another. experts discuss ongoing developments climate change.,REAL
R087,New Report on Budget Report,scientist prevent almost. surface area important cultural become. experts discuss ongoing developments budget report.,REAL
F145,Miracle Drug Confirmed by Sources,music unit travel build. cup fill act. — shocking claims miracle drug surface internet.,FAKE
R065,New Report on Budget Report,thank page doctor. read huge garden old state end. experts discuss ongoing developments budget report.,REAL
R208,New Report on Budget Report,practice one game member newspaper current participant. major finally bed beyond. follow share exist. experts discuss ongoing developments budget report.,REAL
R048,New Report on Budget Report,health sense happen loss business single. small hard require positive next. star deal summer card rise. experts discuss ongoing developments budget report.,REAL
F076,Aliens Confirmed by Sources,personal leader police board fear race rate. read blood card. city prepare compare. leave suggest rest away. — shocking claims aliens surface internet.,FAKE
R019,New Report on Policy,serve situation evidence adult. rule suddenly like generation social water. experts discuss ongoing developments policy.,REAL
F115,Immortal Jellyfish Confirmed by Sources,responsibility past interview material many. — shocking claims immortal jellyfish surface internet.,FAKE
R031,New Report on Education,drive responsibility song party experience government. determine cut concern ten media. believe figure success understand federal. experts discuss ongoing developments education.,REAL
R190,New Report on Research,bank third. despite enough night set continue could. lot lead activity theory. much religious play job point generation. experts discuss ongoing developments research.,REAL
F057,Mind Control Confirmed by Sources,impact mission bill until. friend cup six identify apply democratic people. medical part others necessary finish suffer. — shocking claims mind control surface internet.,FAKE
F158,Immortal Jellyfish Confirmed by Sources,positive professor enter vote pattern anything. either leg job believe someone. place indeed true word main. — shocking claims immortal jellyfish surface internet.,FAKE
F234,Flat Earth Confirmed by Sources,sort rise strategy. relationship civil half. — shocking claims flat earth surface internet.,FAKE
F155,Flat Earth Confirmed by Sources,professional hotel whether expert statement need. reflect red big nature shake. — shocking claims flat earth surface internet.,FAKE
F106,Flat Earth Confirmed by Sources,build try protect friend. customer per citizen left site. — shocking claims flat earth surface internet.,FAKE
R051,New Report on Policy,movie successful night real. film hotel take day leader religious. experts discuss ongoing developments policy.,REAL
R203,New Report on Education,chair think talk reveal. thing mind see animal million baby. experts discuss ongoing developments education.,REAL
F063,Secret Cure Confirmed by Sources,source real statement growth work. source change tough sort spring site. short past green move training increase current. enjoy mind receive perhaps reflect. — shocking claims secret cure surface internet.,FAKE
R080,New Report on Policy,piece thousand economic tough future mouth. bad government trouble reality tv huge. ago cover behind top. experts discuss ongoing developments policy.,REAL
R226,New Report on Public Health,four game different. million fly crime rate financial wish executive. sit clearly someone operation. experts discuss ongoing developments public health.,REAL
F144,Hoax Confirmed by Sources,poor worry generation. — shocking claims hoax surface internet.,FAKE
F241,Flat Earth Confirmed by Sources,scientist office generation reason. — shocking claims flat earth surface internet.,FAKE
R150,New Report on Election,purpose best site pick raise care foreign recently. use assume stuff yes others anything stuff. create focus help stage. experts discuss ongoing developments election.,REAL
R153,New Report on Research,decision particular matter decide first information station. president various far debate answer century good. home teacher difficult concern live key forget. experts discuss ongoing developments research.,REAL
F175,Hoax Confirmed by Sources,student despite think easy. statement treatment discuss bill number song community. — shocking claims hoax surface internet.,FAKE
F161,Immortal Jellyfish Confirmed by Sources,measure total yet agreement begin thing resource. special large politics behind car deal rest. guy respond plan lot. — shocking claims immortal jellyfish surface internet.,FAKE
F147,Secret Cure Confirmed by Sources,second leg rate become deal year. us job feel visit. — shocking claims secret cure surface internet.,FAKE
F018,Secret Cure Confirmed by Sources,yes must catch woman very. save sound character kitchen. — shocking claims secret cure surface internet.,FAKE
F211,Celebrity Scandal Confirmed by Sources,second prevent leg raise boy. everyone bank front follow call force. — shocking claims celebrity scandal surface internet.,FAKE
R117,New Report on Research,entire alone television step. mention campaign image catch rise buy nation. side democratic fact particularly deal never color. experts discuss ongoing developments research.,REAL
F016,Aliens Confirmed by Sources,room value per right population finish. ok difficult plant sell however. — shocking claims aliens surface internet.,FAKE
F029,Flat Earth Confirmed by Sources,take pay evidence group. executive seem save guy foreign last these. — shocking claims flat earth surface internet.,FAKE
F205,Celebrity Scandal Confirmed by Sources,beautiful miss ability. hand billion stand something voice onto. throughout thousand boy goal rather front. staff environment hand movement represent. — shocking claims celebrity scandal surface internet.,FAKE
R112,New Report on Economic Growth,student beat yeah word line. teach professor floor himself. hear make information radio walk. experts discuss ongoing developments economic growth.,REAL
F218,Government Cover-Up Confirmed by Sources,bag model senior. table act stay soldier stay. interview safe way hospital sell baby moment. fall order piece. — shocking claims government cover-up surface internet.,FAKE
R187,New Report on Education,city week end benefit without. president full hand account left bring. serve outside growth yeah treatment treatment. experts discuss ongoing developments education.,REAL
F087,Celebrity Scandal Confirmed by Sources,involve argue throw western. service avoid project thought save. — shocking claims celebrity scandal surface internet.,FAKE
R171,New Report on Education,hospital form forward agree music win. blue quite worry take war way social. race special similar end. southern party future image. experts discuss ongoing developments education.,REAL
R113,New Report on Technology Breakthrough,election large walk force. attack economy firm prevent. experts discuss ongoing developments technology breakthrough.,REAL
R222,New Report on Public Health,care apply protect nothing meet. thousand simply relate when. early involve field trial suddenly. experts discuss ongoing developments public health.,REAL
F233,Secret Cure Confirmed by Sources,speak poor government. catch late child message involve. — shocking claims secret cure surface internet.,FAKE
R223,New Report on Climate Change,serious good firm control painting day still. experts discuss ongoing developments climate change.,REAL
F224,Secret Cure Confirmed by Sources,authority nation air safe professional. either information perhaps two public. — shocking claims secret cure surface internet.,FAKE
R181,New Report on Climate Change,light bill none reality. television walk democrat own. third simple station education treatment paper. history improve necessary season agent role. experts discuss ongoing developments climate change.,REAL
R056,New Report on Public Health,keep father gun already. various ready present international inside sound. actually make discover few. experts discuss ongoing developments public health.,REAL
R110,New Report on Education,campaign plan budget expert structure industry. enough appear sister leader value. experts discuss ongoing developments education.,REAL
R219,New Report on Education,gun feeling goal daughter make audience work. well fear last. trade knowledge chair. experts discuss ongoing developments education.,REAL
R224,New Report on Education,fear finally theory. husband statement total class court sing buy. color imagine available student. experts discuss ongoing developments education.,REAL
F178,Immortal Jellyfish Confirmed by Sources,minute site along style. sister one student. congress allow leave east total author. — shocking claims immortal jellyfish surface internet.,FAKE
F074,Secret Cure Confirmed by Sources,statement unit old he. throughout interest big memory. — shocking claims secret cure surface internet.,FAKE
R034,New Report on Budget Report,late up. big red heavy sort. experts discuss ongoing developments budget report.,REAL
R095,New Report on Policy,fund eight letter open question body. approach right his. move special concern catch morning better according politics. experts discuss ongoing developments policy.,REAL
F011,Aliens Confirmed by Sources,century job moment mean standard. thousand level save feeling create maybe. — shocking claims aliens surface internet.,FAKE
R162,New Report on Policy,chair particular day hand like young. power agree attention mission news natural enter. plan matter good tree also collection paper try. experts discuss ongoing developments policy.,REAL
R218,New Report on Election,travel family benefit behind leader table. guy point purpose town employee. season ability kitchen democratic money however kid. experts discuss ongoing developments election.,REAL
F136,Miracle Drug Confirmed by Sources,improve difficult low. try center least turn respond. short enough painting much town find station. see husband technology network. — shocking claims miracle drug surface internet.,FAKE
R108,New Report on Economic Growth,manager natural serve knowledge. specific agent social six result defense. experts discuss ongoing developments economic growth.,REAL
R186,New Report on Research,growth follow sometimes traditional staff woman. treatment music order animal executive speak begin night. experts discuss ongoing developments research.,REAL
R248,New Report on Technology Breakthrough,hit else. example much surface never republican rock. security reason run. experts discuss ongoing developments technology breakthrough.,REAL
F045,Immortal Jellyfish Confirmed by Sources,policy father hotel building indicate. center experience smile race where. — shocking claims immortal jellyfish surface internet.,FAKE
F092,Secret Cure Confirmed by Sources,improve word teacher discuss. unit movement performance land evening source. alone trouble effort force worry book. — shocking claims secret cure surface internet.,FAKE
R100,New Report on Technology Breakthrough,skill play shoulder southern. cut address good. happy suffer candidate save sign third budget political. experts discuss ongoing developments technology breakthrough.,REAL
F075,Miracle Drug Confirmed by Sources,listen continue term eight close. character include know window. — shocking claims miracle drug surface internet.,FAKE
R059,New Report on Technology Breakthrough,movement form energy court arm never seven. radio us require price. item office assume summer fly. experts discuss ongoing developments technology breakthrough.,REAL
F213,Hoax Confirmed by Sources,name sister finally ten culture early. case choose skill team team vote. — shocking claims hoax surface internet.,FAKE
R233,New Report on Education,cultural old east every return. instead rich baby expect. safe six production science evidence detail. experts discuss ongoing developments education.,REAL
F072,Mind Control Confirmed by Sources,service rest more. guess career boy character building shake. another decade green without pull. — shocking claims mind control surface internet.,FAKE
R184,New Report on Budget Report,boy police term debate station former. national behind. experts discuss ongoing developments budget report.,REAL
F134,Secret Cure Confirmed by Sources,enough wind edge watch process indicate way executive. arrive skill contain whom. fall daughter law enjoy rest fall. — shocking claims secret cure surface internet.,FAKE
R096,New Report on Research,never parent specific level fast. international magazine physical step. participant weight recent sure north goal race. experts discuss ongoing developments research.,REAL
R020,New Report on Policy,represent firm family better thing. fast sign cost hour choose. experts discuss ongoing developments policy.,REAL
R067,New Report on Policy,north card watch partner free. religious recently note realize manager figure director. skill forget together break say yet paper. experts discuss ongoing developments policy.,REAL
R215,New Report on Education,president writer although close. including tv shoulder rather. experts discuss ongoing developments education.,REAL
R127,New Report on Policy,either whose film political together born. control teacher toward account blue hear perhaps. provide piece man. experts discuss ongoing developments policy.,REAL
R235,New Report on Technology Breakthrough,purpose wonder president one service break discover ahead. write well eight time father green toward. experts discuss ongoing developments technology breakthrough.,REAL
R163,New Report on Climate Change,level especially option development young campaign. take last key little public war bring. partner east fall later remember. experts discuss ongoing developments climate change.,REAL
R002,New Report on Education,decision within fight number whole. trip smile someone yes great commercial. loss window hard green wind performance newspaper four. experts discuss ongoing developments education.,REAL
R021,New Report on Education,past history wrong challenge here. run government war. experts discuss ongoing developments education.,REAL
R013,New Report on Technology Breakthrough,ready tree reason sister hear wear month. look officer college resource. step site care. experts discuss ongoing developments technology breakthrough.,REAL
F195,Flat Earth Confirmed by Sources,bank soon break. popular level lawyer. news hair student film deal. — shocking claims flat earth surface internet.,FAKE
R101,New Report on Research,music citizen edge whatever local participant rather. serious next theory concern. experts discuss ongoing developments research.,REAL
R055,New Report on Research,mouth owner stand key month. audience pass heavy continue include. experts discuss ongoing developments research.,REAL
F190,Secret Cure Confirmed by Sources,us continue large feel. paper social agency. — shocking claims secret cure surface internet.,FAKE
R004,New Report on Education,top nearly prevent week sister. exactly two toward win. type everyone night hair cold white. experts discuss ongoing developments education.,REAL
F080,Celebrity Scandal Confirmed by Sources,box scene deep factor music who. window new carry method. difference response similar class become try affect maintain. — shocking claims celebrity scandal surface internet.,FAKE
F049,Hoax Confirmed by Sources,open person. quickly travel try successful. board family court box power suddenly environment. — shocking claims hoax surface internet.,FAKE
F184,Secret Cure Confirmed by Sources,best response wonder simply leg. right campaign improve memory tv. economy use social give. — shocking claims secret cure surface internet.,FAKE
F030,Secret Cure Confirmed by Sources,single organization try his. sign always sport market. ball mother administration send social a. — shocking claims secret cure surface internet.,FAKE
R213,New Report on Budget Report,television course throughout free. position professional treatment. ever congress radio exactly. experts discuss ongoing developments budget report.,REAL
F128,Immortal Jellyfish Confirmed by Sources,official hour fine house occur. — shocking claims immortal jellyfish surface internet.,FAKE
R231,New Report on Policy,black sure water expert suggest wait. huge thank someone specific. feeling long painting appear. experts discuss ongoing developments policy.,REAL
R061,New Report on Technology Breakthrough,much case pass training west. like customer along power. foreign however instead. experts discuss ongoing developments technology breakthrough.,REAL
R137,New Report on Education,great yes crime business hot magazine. world determine visit later number. heart heart lay vote this. major part statement shoulder off. experts discuss ongoing developments education.,REAL
R185,New Report on Technology Breakthrough,chair rise appear couple. guy avoid two back. even identify seat probably sing attack charge. experts discuss ongoing developments technology breakthrough.,REAL
R204,New Report on Technology Breakthrough,baby stop ground source. throughout indeed development garden power reality moment. become detail together such. experts discuss ongoing developments technology breakthrough.,REAL
F217,Immortal Jellyfish Confirmed by Sources,seek help day later official authority story what. hospital deal million pay mean major. — shocking claims immortal jellyfish surface internet.,FAKE
F176,Miracle Drug Confirmed by Sources,traditional set statement country difference nation. — shocking claims miracle drug surface internet.,FAKE
R245,New Report on Technology Breakthrough,heart feel behind win head young. inside food perhaps call. process anyone theory place range marriage pick build. experts discuss ongoing developments technology breakthrough.,REAL
R104,New Report on Election,collection data situation. teach discussion question eat mission item. experts discuss ongoing developments election.,REAL
F156,Flat Earth Confirmed by Sources,better score air often pattern. cost people family law remain. — shocking claims flat earth surface internet.,FAKE
R194,New Report on Election,sound throughout often edge. support nothing moment bring message around blue. figure happen debate attention change. prove reality exactly apply. experts discuss ongoing developments election.,REAL
R161,New Report on Technology Breakthrough,find number provide audience decide table few. course else future reality thing leader including. walk deal executive crime success audience. citizen car partner mr financial issue cell age. experts discuss ongoing developments technology breakthrough.,REAL
F113,Immortal Jellyfish Confirmed by Sources,hour democratic arrive from. — shocking claims immortal jellyfish surface internet.,FAKE
F150,Hoax Confirmed by Sources,house material paper election entire sort. appear nice soldier possible process reduce. — shocking claims hoax surface internet.,FAKE
F047,Miracle Drug Confirmed by Sources,court career environment many. — shocking claims miracle drug surface internet.,FAKE
F008,Hoax Confirmed by Sources,let small mrs must. head stuff. — shocking claims hoax surface internet.,FAKE
F229,Aliens Confirmed by Sources,reduce growth paper mission range protect however. section drive year behind. finally sport discuss task enjoy policy improve. — shocking claims aliens surface internet.,FAKE
R001,New Report on Research,interesting financial avoid left common somebody business. white less water. establish front mean threat position. friend prevent pull face. experts discuss ongoing developments research.,REAL
R241,New Report on Public Health,fire cultural term chance study movie body. leg former stage forget development. experts discuss ongoing developments public health.,REAL
R198,New Report on Climate Change,admit want military. experts discuss ongoing developments climate change.,REAL
R229,New Report on Research,dark money. experts discuss ongoing developments research.,REAL
R205,New Report on Public Health,clear bad campaign black. nearly main player magazine month mother american. experts discuss ongoing developments public health.,REAL
F123,Celebrity Scandal Confirmed by Sources,word marriage beyond store focus enough. general well worker organization play cut. firm national anyone lawyer all. still scene hotel seven fast. — shocking claims celebrity scandal surface internet.,FAKE
F043,Celebrity Scandal Confirmed by Sources,live true believe keep. fill fly star. blood skin gun sign. — shocking claims celebrity scandal surface internet.,FAKE
F097,Celebrity Scandal Confirmed by Sources,late city individual benefit. news wonder consider enjoy nice ground. dinner star fire woman weight church. — shocking claims celebrity scandal surface internet.,FAKE
R014,New Report on Research,method toward give. traditional pass across continue lot technology. firm voice team. travel actually else ready tax often. experts discuss ongoing developments research.,REAL
F005,Flat Earth Confirmed by Sources,live money probably player. — shocking claims flat earth surface internet.,FAKE
R234,New Report on Research,mean across nearly. customer page sea compare small follow movement. experts discuss ongoing developments research.,REAL
F143,Aliens Confirmed by Sources,mouth sport international radio church box. hold account fire particularly civil budget. — shocking claims aliens surface internet.,FAKE
R073,New Report on Economic Growth,challenge use middle type game pull interview soldier. economic sing goal hear decade time. daughter moment identify ready low big. experts discuss ongoing developments economic growth.,REAL
R239,New Report on Education,shake city blood pick class. history high accept evidence prevent recognize partner. family religious before. experts discuss ongoing developments education.,REAL
F181,Aliens Confirmed by Sources,enough cover see writer letter eye box. sense person shoulder. — shocking claims aliens surface internet.,FAKE
R138,New Report on Election,place serious life night agree executive her. experts discuss ongoing developments election.,REAL
R172,New Report on Economic Growth,tough prove dark film poor. record difficult leg. experts discuss ongoing developments economic growth.,REAL
R143,New Report on Policy,know western personal success sign. item member remember minute present around. near. experts discuss ongoing developments policy.,REAL
F166,Mind Control Confirmed by Sources,teacher miss away. wide moment nice rock wait yard true voice. fact make carry job kind. — shocking claims mind control surface internet.,FAKE
R003,New Report on Budget Report,back watch team pattern. idea add professor production. away government worker feeling. experts discuss ongoing developments budget report.,REAL
R167,New Report on Climate Change,food difference town agency. pattern life successful hold message. stop dinner wife central hot law. experts discuss ongoing developments climate change.,REAL
R183,New Report on Climate Change,performance control show minute. fire maintain word strong share step doctor. think pay agent science public. experts discuss ongoing developments climate change.,REAL
R238,New Report on Technology Breakthrough,group surface score magazine. everyone dream light event rate magazine effect. popular study deal talk pass quality. experts discuss ongoing developments technology breakthrough.,REAL
R041,New Report on Election,source chair size example account model responsibility. sign pull book paper race tonight. effect collection candidate three operation. experts discuss ongoing developments election.,REAL
F237,Government Cover-Up Confirmed by Sources,range space glass. plan energy report glass sea total. — shocking claims government cover-up surface internet.,FAKE
R086,New Report on Research,affect family stop population lead attention. maintain international phone investment clear short speak write. win family method tonight hope blue. experts discuss ongoing developments research.,REAL
R240,New Report on Policy,notice group five science expect pass. tell start employee president worker oil hot. experts discuss ongoing developments policy.,REAL
R133,New Report on Public Health,ready song red change reduce condition more. none lot east environment person. experts discuss ongoing developments public health.,REAL
F044,Hoax Confirmed by Sources,practice type understand since study radio. work single face. — shocking claims hoax surface internet.,FAKE
F125,Government Cover-Up Confirmed by Sources,woman sound vote weight. arrive health local. mother feel establish like meeting. — shocking claims government cover-up surface internet.,FAKE
F165,Secret Cure Confirmed by Sources,manager hold adult range yard. sometimes finish standard offer adult. — shocking claims secret cure surface internet.,FAKE
F137,Flat Earth Confirmed by Sources,contain six nation thing church. difference west middle unit big deep speech radio. movie along key. — shocking claims flat earth surface internet.,FAKE
R088,New Report on Research,time popular artist enter machine. experts discuss ongoing developments research.,REAL
R169,New Report on Technology Breakthrough,prevent card rather hold accept media expect. real give clearly wear. total guess hope available always. experts discuss ongoing developments technology breakthrough.,REAL
R193,New Report on Technology Breakthrough,open others theory focus local have. sure pm campaign garden agree coach apply reduce. seem authority recognize long force hotel down. performance analysis science none write. experts discuss ongoing developments technology breakthrough.,REAL
F247,Mind Control Confirmed by Sources,budget mind travel address central door site have. action change table sure. weight law actually loss. manager fast cause ever. — shocking claims mind control surface internet.,FAKE
R179,New Report on Technology Breakthrough,inside gas big war must should. smile land worker. risk deal parent large wish wife find. experts discuss ongoing developments technology breakthrough.,REAL
F138,Immortal Jellyfish Confirmed by Sources,federal cold yeah per adult less try. drive site although throw. recognize give toward ok. — shocking claims immortal jellyfish surface internet.,FAKE
R017,New Report on Policy,exist nothing may safe understand. citizen plant approach others according. experts discuss ongoing developments policy.,REAL
F090,Mind Control Confirmed by Sources,military yes close remain reflect congress office. loss ten. happy capital sea chance talk far. — shocking claims mind control surface internet.,FAKE
F222,Mind Control Confirmed by Sources,always organization executive seat better. suffer be. — shocking claims mind control surface internet.,FAKE
R114,New Report on Climate Change,prevent serve right hand raise together project. need wide own. experts discuss ongoing developments climate change.,REAL
F235,Celebrity Scandal Confirmed by Sources,book line thank job prevent weight. order behavior list. cultural finish carry. — shocking claims celebrity scandal surface internet.,FAKE
F185,Hoax Confirmed by Sources,every tree establish white age shoulder. best production whatever street in. — shocking claims hoax surface internet.,FAKE
F221,Flat Earth Confirmed by Sources,later today miss buy officer. process mind group owner. — shocking claims flat earth surface internet.,FAKE
F054,Secret Cure Confirmed by Sources,great prevent task window talk reduce. — shocking claims secret cure surface internet.,FAKE
R000,New Report on Public Health,start religious world say enjoy today may. strategy. might anyone section place stuff perform. experts discuss ongoing developments public health.,REAL
R178,New Report on Budget Report,opportunity finish feeling bad. law establish. probably stop cup lot south. experts discuss ongoing developments budget report.,REAL
F006,Hoax Confirmed by Sources,stock official camera eat sing perform by. local others take lay. bank seek nice black issue fall. — shocking claims hoax surface internet.,FAKE
F174,Secret Cure Confirmed by Sources,land stand sign thank increase toward. — shocking claims secret cure surface internet.,FAKE
R009,New Report on Election,truth enter red. drive measure everyone deal threat smile. experts discuss ongoing developments election.,REAL
R122,New Report on Economic Growth,section teacher bit together finish certain. night enough put either. experts discuss ongoing developments economic growth.,REAL
F189,Immortal Jellyfish Confirmed by Sources,key contain mouth operation us simple try. interview light put. process lose us deal billion people effort majority. — shocking claims immortal jellyfish surface internet.,FAKE
R146,New Report on Technology Breakthrough,war rich mrs society cause never. gun point teach design religious. yet authority say type surface many season world. tough day couple my. experts discuss ongoing developments technology breakthrough.,REAL
R022,New Report on Climate Change,meet modern realize others notice figure. quality imagine hot approach. experts discuss ongoing developments climate change.,REAL
F177,Aliens Confirmed by Sources,kitchen tough heavy behind. recent cause difficult new. car least wrong. value late take. — shocking claims aliens surface internet.,FAKE
F021,Secret Cure Confirmed by Sources,explain piece recent. end suddenly cup shake account lay. talk simple speech condition. — shocking claims secret cure surface internet.,FAKE
R039,New Report on Economic Growth,listen later cause through. along write language writer laugh. consumer create leave bank. experts discuss ongoing developments economic growth.,REAL
F061,Miracle Drug Confirmed by Sources,upon must child moment war join go. miss coach read side interest find town red. — shocking claims miracle drug surface internet.,FAKE
R057,New Report on Technology Breakthrough,power account real foreign. collection time carry member character oil. mr remain box. experts discuss ongoing developments technology breakthrough.,REAL
F154,Immortal Jellyfish Confirmed by Sources,industry large simply evidence store hot. everybody alone lay past option happy. — shocking claims immortal jellyfish surface internet.,FAKE
F052,Mind Control Confirmed by Sources,knowledge soldier. stand treatment suffer game product hear measure two. space common newspaper defense throw national. — shocking claims mind control surface internet.,FAKE
F124,Flat Earth Confirmed by Sources,college throw determine wish even. attorney sometimes follow close. enter final season generation week suggest. — shocking claims flat earth surface internet.,FAKE
R071,New Report on Budget Report,economy policy born save share manager. ground professor agree their. practice scientist avoid quite mention. experts discuss ongoing developments budget report.,REAL
R152,New Report on Budget Report,according attorney wide speak describe charge since. experts discuss ongoing developments budget report.,REAL
F038,Mind Control Confirmed by Sources,age pick us message maybe back free. per international certain note available. — shocking claims mind control surface internet.,FAKE
F101,Immortal Jellyfish Confirmed by Sources,prove determine. — shocking claims immortal jellyfish surface internet.,FAKE
F203,Celebrity Scandal Confirmed by Sources,set tell although clear marriage instead ago boy. without thing little other. — shocking claims celebrity scandal surface internet.,FAKE
F192,Government Cover-Up Confirmed by Sources,around land. face attorney quality public meet environment. free reflect value energy character likely. — shocking claims government cover-up surface internet.,FAKE
R189,New Report on Climate Change,probably kind police section industry suddenly. throw art image force effort inside. majority happy your. experts discuss ongoing developments climate change.,REAL
R098,New Report on Election,program away really ready significant bed. edge work long mouth identify focus his. experts discuss ongoing developments election.,REAL
R149,New Report on Economic Growth,time century tax line act. goal edge republican home. fly pm film car imagine. experts discuss ongoing developments economic growth.,REAL
R046,New Report on Education,say notice tonight professor. especially start specific recent study black relationship benefit. time miss return capital. experts discuss ongoing developments education.,REAL
F055,Hoax Confirmed by Sources,policy quite yet feeling wait thing it. behavior toward many can. media organization feel pass. — shocking claims hoax surface internet.,FAKE
F159,Flat Earth Confirmed by Sources,item next meet identify court sense nothing. talk detail shake may apply. — shocking claims flat earth surface internet.,FAKE
F083,Secret Cure Confirmed by Sources,debate throw sea machine. inside set message indeed stuff. — shocking claims secret cure surface internet.,FAKE
R109,New Report on Education,sense within star animal social. term long site. music girl however front allow. experts discuss ongoing developments education.,REAL
R102,New Report on Climate Change,level girl size happen run. catch direction large answer radio still. experts discuss ongoing developments climate change.,REAL
R060,New Report on Election,film eat gas country thousand finally. experts discuss ongoing developments election.,REAL
F085,Secret Cure Confirmed by Sources,affect hundred dog surface whatever phone player. wind tend nothing positive commercial wait environmental. bag rule human film technology sound. — shocking claims secret cure surface internet.,FAKE
F188,Hoax Confirmed by Sources,former institution newspaper suddenly prevent its. level ask build low visit clearly. — shocking claims hoax surface internet.,FAKE
F131,Hoax Confirmed by Sources,seat four interview possible arrive. range since some. — shocking claims hoax surface internet.,FAKE
R202,New Report on Public Health,drop professor group professor hotel yard seat. night candidate sit. scene also tough scientist result. experts discuss ongoing developments public health.,REAL
F111,Celebrity Scandal Confirmed by Sources,meeting bank table stay event executive. traditional grow government case practice. enjoy cultural garden require purpose tend. — shocking claims celebrity scandal surface internet.,FAKE
R151,New Report on Policy,available address feeling me. arrive debate certain price. experts discuss ongoing developments policy.,REAL
F058,Government Cover-Up Confirmed by Sources,heart community stage yet understand. music age style executive. wife budget letter one cause. — shocking claims government cover-up surface internet.,FAKE
R164,New Report on Education,really work perhaps. month seem relate interesting item door the. buy evening play wish third fall southern attack. experts discuss ongoing developments education.,REAL
F242,Celebrity Scandal Confirmed by Sources,shake book customer writer. service bed pay attention relate hope american. glass senior computer change. — shocking claims celebrity scandal surface internet.,FAKE
F064,Mind Control Confirmed by Sources,week able guess building song pattern model. set plant idea condition mention organization. effort whether expert go family. — shocking claims mind control surface internet.,FAKE
R228,New Report on Education,start professional person say language try including. get consider field generation. happy suffer young follow strong. experts discuss ongoing developments education.,REAL
R210,New Report on Economic Growth,visit give century old. direction property support owner keep strategy. experts discuss ongoing developments economic growth.,REAL
R156,New Report on Policy,serve process business sell quality. position manage buy because. experts discuss ongoing developments policy.,REAL
R192,New Report on Climate Change,authority notice strong guess dog. wide positive than. experts discuss ongoing developments climate change.,REAL
F102,Government Cover-Up Confirmed by Sources,capital prove fill high develop. — shocking claims government cover-up surface internet.,FAKE
R237,New Report on Election,project outside rule describe nation without poor. debate north pretty family. experts discuss ongoing developments election.,REAL
F015,Immortal Jellyfish Confirmed by Sources,many nation exist or. ahead trouble class thing owner lawyer before. according short opportunity even. — shocking claims immortal jellyfish surface internet.,FAKE
F020,Celebrity Scandal Confirmed by Sources,exactly soldier wonder seven. manager tree couple know piece. east business perhaps better current issue. — shocking claims celebrity scandal surface internet.,FAKE
R083,New Report on Election,common beautiful face together mention. maybe pattern yet affect put site. experts discuss ongoing developments election.,REAL
F035,Hoax Confirmed by Sources,bad good six like administration. buy office many mission money great. particularly weight front daughter produce. — shocking claims hoax surface internet.,FAKE
R082,New Report on Budget Report,lose music on. bit business hair. experts discuss ongoing developments budget report.,REAL
F114,Mind Control Confirmed by Sources,interest choose participant. force around within. national summer move operation. — shocking claims mind control surface internet.,FAKE
F179,Secret Cure Confirmed by Sources,foot gas relate. — shocking claims secret cure surface internet.,FAKE
F026,Celebrity Scandal Confirmed by Sources,yeah reality simple money stage simply exactly. mean control artist opportunity. produce professional class contain rich somebody mr. — shocking claims celebrity scandal surface internet.,FAKE
R217,New Report on Election,forget suggest near customer. young local us race owner. world cultural establish firm natural two resource indicate. experts discuss ongoing developments election.,REAL
F009,Celebrity Scandal Confirmed by Sources,teach million two resource though process. expect maybe deep husband mind. ball gun article quickly. — shocking claims celebrity scandal surface internet.,FAKE
F240,Aliens Confirmed by Sources,force dog federal strategy book few. campaign modern understand doctor assume able. — shocking claims aliens surface internet.,FAKE
R216,New Report on Research,board long hair. raise consider staff growth hour answer. huge health financial customer. experts discuss ongoing developments research.,REAL
F129,Flat Earth Confirmed by Sources,number east day concern whatever also treat herself. scene hour woman base. — shocking claims flat earth surface internet.,FAKE
R197,New Report on Education,represent recently candidate scientist need position dog. agency lose able service politics law. black better material week believe. experts discuss ongoing developments education.,REAL
F142,Government Cover-Up Confirmed by Sources,avoid green nice wonder door law. sister image wait pay argue free. — shocking claims government cover-up surface internet.,FAKE
R140,New Report on Climate Change,turn charge sport. age story form. wrong success believe happen drug. experts discuss ongoing developments climate change.,REAL
R165,New Report on Budget Report,age feel throw commercial congress. value effect process whatever look offer hit. experts discuss ongoing developments budget report.,REAL
R139,New Report on Education,seek war race leg community relate. serve education reflect clear account message college herself. next early imagine. experts discuss ongoing developments education.,REAL
F232,Hoax Confirmed by Sources,reality important single range. look sense car drive entire pay season. — shocking claims hoax surface internet.,FAKE
F108,Celebrity Scandal Confirmed by Sources,mr feel great effort. want others tv say ahead civil. develop tree wind. — shocking claims celebrity scandal surface internet.,FAKE
F167,Celebrity Scandal Confirmed by Sources,agree trouble knowledge right. difficult establish quite mr send. big four tv movement appear. — shocking claims celebrity scandal surface internet.,FAKE
R242,New Report on Research,require measure several ever design state since. product exactly short main agreement. recently family ready. experts discuss ongoing developments research.,REAL
F133,Immortal Jellyfish Confirmed by Sources,role medical understand hospital star. draw authority manage live represent partner. always others popular inside. — shocking claims immortal jellyfish surface internet.,FAKE
F025,Flat Earth Confirmed by Sources,music later form concern fight idea situation. game rather rise think act. reflect type north. — shocking claims flat earth surface internet.,FAKE
F093,Immortal Jellyfish Confirmed by Sources,accept authority democratic wind party. benefit hand tonight. — shocking claims immortal jellyfish surface internet.,FAKE
F236,Government Cover-Up Confirmed by Sources,former teach reason able everybody start. yeah yes experience summer. — shocking claims government cover-up surface internet.,FAKE
F069,Flat Earth Confirmed by Sources,follow follow accept wide range ball similar final. possible tree usually father rich high. — shocking claims flat earth surface internet.,FAKE
F219,Flat Earth Confirmed by Sources,baby lead short international anyone identify. best difficult. — shocking claims flat earth surface internet.,FAKE
R079,New Report on Election,bed treatment quality beat less. opportunity final ever nearly unit. experts discuss ongoing developments election.,REAL
F042,Hoax Confirmed by Sources,job federal effort experience. — shocking claims hoax surface internet.,FAKE
R154,New Report on Budget Report,receive better part economy. medical lead piece want participant student. experts discuss ongoing developments budget report.,REAL
R089,New Report on Public Health,scientist clearly east help section technology. experts discuss ongoing developments public health.,REAL
R038,New Report on Public Health,travel ever always skin management course seem. nothing wish debate record act hair. experts discuss ongoing developments public health.,REAL
R053,New Report on Economic Growth,short career memory plant. world side standard question amount great. win specific ok design finally finish include upon. experts discuss ongoing developments economic growth.,REAL
F201,Hoax Confirmed by Sources,star baby mention response. — shocking claims hoax surface internet.,FAKE
F013,Secret Cure Confirmed by Sources,real memory economy box especially out. american lay political western defense billion. around campaign war. — shocking claims secret cure surface internet.,FAKE
R023,New Report on Policy,kid student close various decade include. know court kid hour and. style measure window. experts discuss ongoing developments policy.,REAL
R068,New Report on Technology Breakthrough,whatever series cultural small week reflect. teacher leader pull economic science use. experts discuss ongoing developments technology breakthrough.,REAL
F065,Hoax Confirmed by Sources,audience difference pay eye feel serious away. face glass lay let energy finally choose. first thousand meeting great else. — shocking claims hoax surface internet.,FAKE
F239,Celebrity Scandal Confirmed by Sources,support prepare way several thousand. bill box. — shocking claims celebrity scandal surface internet.,FAKE
F084,Miracle Drug Confirmed by Sources,often team lose hair stage step property. job message blue. walk professional huge him. — shocking claims miracle drug surface internet.,FAKE
R120,New Report on Election,already free effort none better last trouble question. experts discuss ongoing developments election.,REAL
F207,Government Cover-Up Confirmed by Sources,system main enjoy paper stop. develop man pass realize call act animal moment. claim various leave create network give avoid. performance sound network paper region standard resource. — shocking claims government cover-up surface internet.,FAKE
R158,New Report on Economic Growth,top including view everybody effort continue. purpose general old consider reduce notice. experts discuss ongoing developments economic growth.,REAL
R097,New Report on Technology Breakthrough,information arrive ask continue one response law president. experts discuss ongoing developments technology breakthrough.,REAL
R092,New Report on Technology Breakthrough,believe tonight art music response. music respond lot. experts discuss ongoing developments technology breakthrough.,REAL
F172,Hoax Confirmed by Sources,often sister process share travel too. trial want ball sing thank realize prove. democrat computer red form individual i. — shocking claims hoax surface internet.,FAKE
R182,New Report on Economic Growth,shake probably system. wear box brother close care yes. common group almost. experts discuss ongoing developments economic growth.,REAL
F014,Secret Cure Confirmed by Sources,commercial pm blood near. want page industry method building. child entire field decade husband true. — shocking claims secret cure surface internet.,FAKE
R230,New Report on Election,evidence able put say. collection piece traditional culture tax. measure job small position ready million store. experts discuss ongoing developments election.,REAL
F223,Government Cover-Up Confirmed by Sources,wide certain product purpose. hot american nearly participant group be. relate hotel organization stop budget many. — shocking claims government cover-up surface internet.,FAKE
R221,New Report on Policy,argue seem without. wide feeling. experts discuss ongoing developments policy.,REAL
R173,New Report on Climate Change,happy. explain little detail night. almost forward born away. experts discuss ongoing developments climate change.,REAL
F249,Immortal Jellyfish Confirmed by Sources,democrat garden these. free marriage strategy expert you. product others moment become. — shocking claims immortal jellyfish surface internet.,FAKE
F112,Government Cover-Up Confirmed by Sources,statement system economic. collection grow address town. meet five rate check. show organization health tree election team. — shocking claims government cover-up surface internet.,FAKE
R058,New Report on Budget Report,help month true individual difference. physical rather mother chair political push not. part continue person away explain despite. experts discuss ongoing developments budget report.,REAL
R159,New Report on Economic Growth,film million drop policy book thank. difficult pull eat property. experts discuss ongoing developments economic growth.,REAL
R029,New Report on Economic Growth,thing onto worker growth answer forward material follow. example still car organization control. experts discuss ongoing developments economic growth.,REAL
R126,New Report on Research,someone account run truth fear. experts discuss ongoing developments research.,REAL
R132,New Report on Education,recently represent good score. experts discuss ongoing developments education.,REAL
R025,New Report on Election,marriage understand site. detail plant democratic assume. traditional somebody quality. experts discuss ongoing developments election.,REAL
F214,Secret Cure Confirmed by Sources,feeling left. rule anyone hard future. recognize traditional age four pretty section. — shocking claims secret cure surface internet.,FAKE
R177,New Report on Policy,view way direction read tough husband method. experts discuss ongoing developments policy.,REAL
R196,New Report on Budget Report,item must purpose. law rate spring. treatment cold prove project. experts discuss ongoing developments budget report.,REAL
R135,New Report on Budget Report,student let however chance process outside. glass item break piece. experts discuss ongoing developments budget report.,REAL
F152,Government Cover-Up Confirmed by Sources,establish enough city car nearly better. yes design court class car. — shocking claims government cover-up surface internet.,FAKE
F180,Secret Cure Confirmed by Sources,wall energy per. born rule career knowledge best majority person. fight upon dream side save. — shocking claims secret cure surface internet.,FAKE
F003,Secret Cure Confirmed by Sources,list range hear send tonight. tax couple maintain pressure. four share treatment compare us. — shocking claims secret cure surface internet.,FAKE
F244,Celebrity Scandal Confirmed by Sources,police card help operation first in. college rest budget believe want at. director moment national success. — shocking claims celebrity scandal surface internet.,FAKE
F194,Immortal Jellyfish Confirmed by Sources,democrat evidence keep north official. age law suddenly check sea. nation far mind best really add. — shocking claims immortal jellyfish surface internet.,FAKE
R044,New Report on Policy,break hope nation product job expect. citizen spring congress information wrong. former energy hard including. experts discuss ongoing developments policy.,REAL
R141,New Report on Economic Growth,continue risk simple major. girl source marriage building move. experts discuss ongoing developments economic growth.,REAL
R188,New Report on Climate Change,animal mrs impact gas tend truth act. dinner special technology fly sometimes thought per. experts discuss ongoing developments climate change.,REAL
F010,Aliens Confirmed by Sources,computer receive series all. miss mrs building keep fast very. sister company machine stage inside. — shocking claims aliens surface internet.,FAKE
R106,New Report on Economic Growth,perform anyone sit simple hold nation news. experts discuss ongoing developments economic growth.,REAL
R049,New Report on Research,control face three audience movement second. stay pull region white. inside moment certain statement. experts discuss ongoing developments research.,REAL
R144,New Report on Budget Report,well case second involve day kind. save charge middle director. rich artist boy stand blue tv. experts discuss ongoing developments budget report.,REAL
F199,Celebrity Scandal Confirmed by Sources,admit speak particularly. important cell recently young include. exactly anyone bag imagine table world just. — shocking claims celebrity scandal surface internet.,FAKE
F215,Secret Cure Confirmed by Sources,benefit speak compare. necessary whether field factor chair almost assume third. represent machine camera long. — shocking claims secret cure surface internet.,FAKE
R176,New Report on Economic Growth,scientist run wall car decision maintain worker. conference detail explain machine close. glass room must indicate. experts discuss ongoing developments economic growth.,REAL
F105,Hoax Confirmed by Sources,goal painting year perform. — shocking claims hoax surface internet.,FAKE
F031,Miracle Drug Confirmed by Sources,born dark campaign go decision. bag student scene pull nature whatever pay. century value goal important method middle response. — shocking claims miracle drug surface internet.,FAKE
R206,New Report on Research,choose investment whatever pretty hundred. share listen night foot issue. experts discuss ongoing developments research.,REAL
F238,Secret Cure Confirmed by Sources,stand say character. audience religious write money indeed community. — shocking claims secret cure surface internet.,FAKE
R027,New Report on Climate Change,seat democratic citizen staff. move different production. experts discuss ongoing developments climate change.,REAL
F169,Government Cover-Up Confirmed by Sources,go lot generation leg weight. possible new trial ball single quite. ago degree whether approach study activity information. — shocking claims government cover-up surface internet.,FAKE
F208,Aliens Confirmed by Sources,hour government already. modern economy science team every low. type test head course wide. direction green bring wind republican specific. — shocking claims aliens surface internet.,FAKE
F212,Miracle Drug Confirmed by Sources,letter memory play. sound story receive share. tonight buy speech professional ground indicate left. — shocking claims miracle drug surface internet.,FAKE
F032,Hoax Confirmed by Sources,black really reflect claim maintain seek significant. pass democrat consumer clear. — shocking claims hoax surface internet.,FAKE
F109,Hoax Confirmed by Sources,use seem ask. officer benefit paper general daughter phone. — shocking claims hoax surface internet.,FAKE
R111,New Report on Policy,indicate science help sister agency record. say mother relate three. experts discuss ongoing developments policy.,REAL
F078,Aliens Confirmed by Sources,however law outside sometimes glass commercial interview. might according defense class past society north. toward economic want million kind. — shocking claims aliens surface internet.,FAKE
R105,New Report on Budget Report,simple store listen agree mother general form. carry political table. school dream fact deal party. experts discuss ongoing developments budget report.,REAL
F196,Government Cover-Up Confirmed by Sources,resource son care teach remain. central involve memory wear music southern. — shocking claims government cover-up surface internet.,FAKE
F118,Immortal Jellyfish Confirmed by Sources,body activity truth middle bit task send. form treat election believe exist. — shocking claims immortal jellyfish surface internet.,FAKE
F077,Secret Cure Confirmed by Sources,base plan ago fast remember single remain. coach program population. — shocking claims secret cure surface internet.,FAKE
F070,Government Cover-Up Confirmed by Sources,political choice sure father. along believe test table common fall. — shocking claims government cover-up surface internet.,FAKE
F041,Immortal Jellyfish Confirmed by Sources,mind natural page deal trouble community wall around. find course true sport. — shocking claims immortal jellyfish surface internet.,FAKE
R026,New Report on Policy,participant street follow social. debate poor message one recent adult claim. seek carry weight radio doctor deep. experts discuss ongoing developments policy.,REAL
R207,New Report on Policy,million south condition. force happen which. mean mention group decade detail. experts discuss ongoing developments policy.,REAL
F163,Secret Cure Confirmed by Sources,wind yes discussion suffer half special. reduce relationship piece soldier expect. — shocking claims secret cure surface internet.,FAKE
F171,Government Cover-Up Confirmed by Sources,trial suddenly watch street day public. dog direction speech pull religious. teach newspaper mr know site. — shocking claims government cover-up surface internet.,FAKE
F139,Immortal Jellyfish Confirmed by Sources,glass art hit spring. benefit campaign morning. leg health middle like check need real. — shocking claims immortal jellyfish surface internet.,FAKE
F120,Miracle Drug Confirmed by Sources,line red ten property. thousand first behavior. investment relationship respond dark. — shocking claims miracle drug surface internet.,FAKE
F146,Mind Control Confirmed by Sources,exist according talk similar yard suggest raise none. born act worry population together. bring local area value. — shocking claims mind control surface internet.,FAKE
R115,New Report on Research,soon parent treat interview western life. agency dinner skill top enjoy movement thing effort. recent institution somebody project treat whole air. experts discuss ongoing developments research.,REAL
F039,Aliens Confirmed by Sources,news success hot. property name idea player authority service. — shocking claims aliens surface internet.,FAKE
F225,Hoax Confirmed by Sources,task want set trip follow amount charge. wish line alone rich participant let speak. — shocking claims hoax surface internet.,FAKE
F140,Aliens Confirmed by Sources,clear billion local owner carry place. notice theory change plan work almost. authority practice begin mother window company. realize however road open heart. — shocking claims aliens surface internet.,FAKE
F122,Mind Control Confirmed by Sources,technology baby effect cold particular. sound produce forget impact environmental. guess buy candidate often others take. — shocking claims mind control surface internet.,FAKE
R070,New Report on Budget Report,whole indicate figure north simply remain. front page pass remain charge. happen contain watch. experts discuss ongoing developments budget report.,REAL
F248,Celebrity Scandal Confirmed by Sources,seek part oil fear attorney specific. home opportunity apply foreign. — shocking claims celebrity scandal surface internet.,FAKE
R016,New Report on Technology Breakthrough,stock seek carry social. price official dream north. experts discuss ongoing developments technology breakthrough.,REAL
R148,New Report on Technology Breakthrough,budget program report foreign remain consider foreign. production ground white tree. past wife morning within manager area. value ten white hard color instead response. experts discuss ongoing developments technology breakthrough.,REAL
R142,New Report on Budget Report,none enter adult institution rather bit. experts discuss ongoing developments budget report.,REAL
F141,Miracle Drug Confirmed by Sources,evening from. consumer life million second. point dream book run husband we. — shocking claims miracle drug surface internet.,FAKE
R076,New Report on Technology Breakthrough,hold popular air. around message. control someone live able modern cause represent. experts discuss ongoing developments technology breakthrough.,REAL
R180,New Report on Budget Report,right personal dream three list place trip similar. southern notice behind black so. management speech wear law detail. experts discuss ongoing developments budget report.,REAL
F126,Aliens Confirmed by Sources,simply people wall maybe republican. song task vote star. — shocking claims aliens surface internet.,FAKE
R134,New Report on Economic Growth,imagine choose picture head. several care indeed friend one wish add business. experts discuss ongoing developments economic growth.,REAL
F132,Mind Control Confirmed by Sources,include still heart look. visit others finish cold face either travel. — shocking claims mind control surface internet.,FAKE
F230,Immortal Jellyfish Confirmed by Sources,however cost continue arm. another base draw different. dog wish accept tough let. generation office question onto either. — shocking claims immortal jellyfish surface internet.,FAKE
F243,Aliens Confirmed by Sources,sign reduce stuff per smile stage north police. enter set less hold decide work pick boy. character least everybody exist before. total administration truth list impact. — shocking claims aliens surface internet.,FAKE
R191,New Report on Budget Report,ago nature husband turn forget rich art. describe common blue push however girl. radio tree game then. experts discuss ongoing developments budget report.,REAL
R130,New Report on Public Health,long nearly sport standard. front begin indicate concern. experts discuss ongoing developments public health.,REAL
F081,Mind Control Confirmed by Sources,end red baby task popular name walk. general magazine hard whatever. — shocking claims mind control surface internet.,FAKE
R209,New Report on Technology Breakthrough,word hold speech however probably. side drive local share. course agree around discussion training save. experts discuss ongoing developments technology breakthrough.,REAL
F228,Hoax Confirmed by Sources,parent finally stuff floor relate feel. exist idea action never. — shocking claims hoax surface internet.,FAKE
R030,New Report on Budget Report,available partner realize establish two. across leader also increase. experts discuss ongoing developments budget report.,REAL
R214,New Report on Education,expert civil help experience avoid citizen support. inside article subject service discussion almost. experts discuss ongoing developments education.,REAL
R175,New Report on Economic Growth,might hundred how. recent cut long make. successful night energy thank outside. experts discuss ongoing developments economic growth.,REAL
